step,object,x,y,zoom,page,question,answer,alt_text,layer1_button,layer1_content,layer2_button,layer2_content,clip_start,clip_end,loop
paso,objeto,x,y,zoom,pagina,pregunta,respuesta,texto_alt,boton1,contenido1,boton2,contenido2,inicio_clip,fin_clip,bucle
1,7c19ad67304f2d651357c910151a690e,0.5,0.5,1,,Introduction,"Students stand together after a fighting game event, showing how shared passion can create friendship and belonging at UCSB.

At UCSB, love does not only appear as romantic love. In my field observations, love appeared more often through ordinary actions, such as opening a door, gathering around a shared interest, playing a game together, and helping a roommate understand homework. My Visual Narrative Exhibition focuses on how love functions in student life through community care, friendship, mentorship, and shared passion. I observed four moments: a student opening the dorm door for me, a fighting game club competition, a casual Werewolf game night, and one roommate guiding another through economics homework. These moments may look simple, but they show how students demonstrate love through attention, patience, and support. I argue that at UCSB, love appears as a quiet daily practice of care that helps students feel noticed, included, and less alone.",,,,,,,,
2,,,,,,Love as a Small Act of Care at the Dorm Door,Community care through a small action,,,,,,,,
3,adc55b1d4fc15884d87c917ae8c3abc6,0.5,0.5,1,,Observation,"A student holds open the dorm door after noticing that someone needs help entering the building.

My first observation happened at the dorm entrance. I forgot my key and stood outside for a short time. I was looking through the glass door and waiting, hoping someone would notice me. In the image, a student is holding the door open with one hand while standing inside the building. This moment was quick, and we did not have a long conversation. However, it still felt meaningful because he noticed my problem and helped me without needing anything in return.","1 — The hand holding the door open
This physical detail reflects love through action, suggesting that care does not always need many words.

2 — The open doorway
The doorway demonstrates movement from being outside to being included in the dorm community.

3 — The student looking toward the door
His attention matters because love often begins with noticing another person’s need.",,,,,,,
4,adc55b1d4fc15884d87c917ae8c3abc6,0.5,0.5,1,,Interpretation,"This moment illustrates love as community care. The student did not have to know me personally to help me. He simply paid attention and responded to a small need. To me, this shows that love at UCSB can happen through simple actions that make another person feel included. The open door becomes more than a physical entrance; it represents moving from being outside and awkward to being noticed and helped.",,,,,,,,
5,adc55b1d4fc15884d87c917ae8c3abc6,0.5,0.5,1,,Connection to Readings,"This observation connects to Brooks’s idea that love can reduce fear and stress. Brooks writes that “Love neutralizes fear” (Brooks). Being locked outside was not dangerous, but it still made me feel awkward and separated from the dorm community. When the student opened the door, his action reduced that feeling. My observation confirms Brooks’s theory because love appears here as a small act that lowers stress. It also extends his idea by showing that love does not have to be dramatic.",,,,,,,,
6,adc55b1d4fc15884d87c917ae8c3abc6,0.5,0.5,1,,Hotspots,"1 — The hand holding the door open
This physical detail reflects love through action, suggesting that care does not always need many words.

2 — The open doorway
The doorway demonstrates movement from being outside to being included in the dorm community.

3 — The student looking toward the door
His attention matters because love often begins with noticing another person’s need.",,,,,,,,
7,,,,,,Love Through Shared Passion at the Fighting Game Club Competition,Friendship and belonging through a shared interest,,,,,,,,
8,9556b8f793c4617656607075bbf759ee,0.5,0.5,1,,Image Caption and Observation,"Students gather in a large room for a fighting game competition, watching matches, playing games, and sharing the same interest.

My second observation happened at a fighting game club competition. In the image, many students are sitting in a large room. Some are watching the front of the room, some are waiting for their turns, and others are gathered around game stations. At first, this scene looks like a normal competition. However, I noticed that the event was not only about winning. It was also about students choosing to spend time together around a shared passion.","1 — Students sitting together in the audience
This visual detail reflects belonging because many students are gathered around the same shared interest.

2 — The game stations and screens
These objects represent shared passion, suggesting that love can grow through repeated community participation.

3 — Students watching the event
Their attention demonstrates support because the players are not experiencing the competition alone.",,,,,,,
9,9556b8f793c4617656607075bbf759ee,0.5,0.5,1,,Interpretation and Reading Connection,"This moment demonstrates love as shared passion, friendship, and belonging. The love here is not romantic, but it is still real because students show care by paying attention to each other’s effort. In a competition, people can feel pressure, but the group setting makes that pressure feel less lonely. Students are not only playing for themselves. They are watching, reacting, and staying involved with each other. This shows that love at UCSB can appear through group participation and shared interests.",,,,,,,,
10,9556b8f793c4617656607075bbf759ee,0.5,0.5,1,,Connection to Readings,"This observation connects to Kaveladze, Schooler, and Sng’s idea that love can create bonding and commitment. They describe love as an “unreasonable bond that becomes reasonable by virtue of its own existence” (Kaveladze, Schooler, and Sng). In the fighting game event, students were not connected by romance, but they were connected by shared passion and group participation. My observation extends this theory because it shows that love can also appear in a club community. The bond comes from practicing together, watching matches, and supporting each other through competition.",,,,,,,,
11,9556b8f793c4617656607075bbf759ee,0.5,0.5,1,,Hot spots,"1 — Students sitting together in the audience
This visual detail reflects belonging because many students are gathered around the same shared interest.

2 — The game stations and screens
These objects represent shared passion, suggesting that love can grow through repeated community participation.

3 — Students watching the event
Their attention demonstrates support because the players are not experiencing the competition alone.",,,,,,,,
12,,,,,,Love Through Friendship During Werewolf Game Night,Friendship and connection through shared play,,,,,,,,
13,bac106de44f5f7761480fedab3792fc7,0.5,0.5,1,,Observation,"A group of students sit together in a dorm room, playing Werewolf and spending time with each other.

My third observation happened during a casual Werewolf game night in the dorm. In the image, several students are sitting around the room, and the red Werewolf cards are placed on the floor. Some students sit on chairs, while others sit on the floor or near the bed. The room looks informal and relaxed. Everyone is simply spending time together, talking, guessing roles, and reacting to each other during the game.","1 — The red Werewolf cards on the floor
The cards represent a shared activity, suggesting that friendship can grow through simple repeated interactions.

2 — Students sitting in a circle-like arrangement
Their seating arrangement demonstrates group connection because everyone is facing or listening to each other.

3 — The relaxed dorm room setting
The setting shows that love can appear in everyday private spaces, not only in large public events.",,,,,,,
14,bac106de44f5f7761480fedab3792fc7,0.5,0.5,1,,Interpretation,"This moment shows love as friendship, comfort, and everyday connection. It is different from the competition story because this moment is not about performance or winning. It is more about relaxing together and creating shared joy. A Werewolf game gives everyone a reason to listen, respond, joke, and stay involved with each other. This makes the moment meaningful because friendship is built through time and attention, not only through serious conversations.",,,,,,,,
15,bac106de44f5f7761480fedab3792fc7,0.5,0.5,1,,Connection to Readings,"This observation connects to Smith’s idea that strong relationships depend on kindness, generosity, and repeated attention. Smith writes that “kindness works” because seeing or receiving kindness can lead people to act kindly too (Smith). During the Werewolf game night, students were not doing one big act of love. Instead, they were listening, joking, reacting, and staying involved in the same activity. My observation confirms Smith’s theory because friendship here comes from small repeated actions.",,,,,,,,
16,bac106de44f5f7761480fedab3792fc7,0.5,0.5,1,,Hotspots,"1 — The red Werewolf cards on the floor
The cards represent a shared activity, suggesting that friendship can grow through simple repeated interactions.

2 — Students sitting in a circle-like arrangement
Their seating arrangement demonstrates group connection because everyone is facing or listening to each other.

3 — The relaxed dorm room setting
The setting shows that love can appear in everyday private spaces, not only in large public events.",,,,,,,,
17,,,,,,Love Through Mentorship Between Roommates,Love through guidance and academic support,,,,,,,,
18,015581316ef1e2c70ff5042908c4efee,0.5,0.5,1,,Observation,"One roommate guides another roommate through economics homework in the dorm while they look at the computer screen together.

My fourth observation happened in the dorm when one roommate was helping another roommate understand economics homework. In the image, both students are sitting close to the desk and looking at the same computer screen. One person points at the screen, where the homework problem and formulas are shown. The other person listens and follows the explanation. This was not a formal tutoring session, but the interaction still showed patience, attention, and guidance.","1 — The finger pointing at the computer screen
This detail demonstrates love as peer support because one student is actively guiding the other through the problem.

2 — The economics homework on the screen
The homework represents academic stress, but the shared focus makes the work feel more manageable.

3 — The two students sitting close together
Their physical closeness suggests trust and comfort, which helps create a safer learning environment.",,,,,,,
19,015581316ef1e2c70ff5042908c4efee,0.5,0.5,1,,Interpretation,"This scene demonstrates love as mentorship and practical care. The love appears through guidance, patience, and the willingness to help another student improve. Academic work can create stress, especially when a student feels confused or behind. When another person explains the work patiently, the assignment does not disappear, but it becomes more manageable. This moment shows that love at UCSB can also appear through mentorship and academic support.",,,,,,,,
20,015581316ef1e2c70ff5042908c4efee,0.5,0.5,1,,Connection to Readings,"This observation connects to Catron’s idea that closeness can be created through openness and vulnerability. Catron writes that “the level of vulnerability increased gradually” as people shared more personal parts of themselves (Catron). In my observation, the student receiving help had to show that he did not fully understand the economics homework. That kind of academic vulnerability can feel uncomfortable, but the roommate’s patient guidance made the situation feel safe. My observation confirms Catron’s theory because mentorship also requires trust and openness. It extends the theory by showing that closeness can grow through academic support, not only romantic connection.",,,,,,,,
21,015581316ef1e2c70ff5042908c4efee,0.5,0.5,1,,Hotspots,"1 — The finger pointing at the computer screen
This detail demonstrates love as peer support because one student is actively guiding the other through the problem.

2 — The economics homework on the screen
The homework represents academic stress, but the shared focus makes the work feel more manageable.

3 — The two students sitting close together
Their physical closeness suggests trust and comfort, which helps create a safer learning environment.",,,,,,,,
22,,,,,,Conclusion,"Across my four observations, love at UCSB appeared in different forms, but the larger pattern was consistent. Love was not only something people said. It was something students practiced through action, attention, and shared time. At the dorm door, love appeared through community care. At the fighting game competition, love appeared through shared passion and belonging. During the Werewolf game night, love appeared through friendship and shared joy. During the economics homework moment, love appeared through mentorship and peer support. These moments matter because UCSB is a large campus where students can easily feel separate or stressed. Small acts of love may not solve every problem, but they can make students feel seen and supported. Through this project, I learned that love at UCSB is often quiet and ordinary, but it still makes campus feel more human and less lonely.",,,,,,,,
23,,,,,,Works Cited,"Brooks, Arthur C. “Love Is Medicine for Fear.” The Atlantic, 16 July 2020, www.theatlantic.com/family/archive/2020/07/how-fight-fear-love/614227/.

Catron, Mandy Len. “To Fall in Love With Anyone, Do This.” The New York Times, 9 Jan. 2015, www.nytimes.com/2015/01/11/style/modern-love-to-fall-in-love-with-anyone-do-this.html.

Kaveladze, Benjamin, Jonathan Schooler, and Oliver Sng. “Why Does Love Feel Magical? It’s an Evolutionary Advantage.” The Conversation, 12 July 2022, theconversation.com/why-does-love-feel-magical-its-an-evolutionary-advantage-180443.

Smith, Emily Esfahani. “The Secret to Love Is Just Kindness.” The Atlantic, 12 June 2014, www.theatlantic.com/health/archive/2014/06/happily-ever-after/372573/.",,,,,,,,